config,dataset,model,gamma,seed,epoch,task_acc,concept_acc,urr_task,urr_nontask,leak_acc_task,leak_acc_nontask,ece,brier,map_concepts,auc_tti,nauc_tti,auc_tti_random,nauc_tti_random,interv_error_0,interv_error_full
awa2-arhcbm,awa2,ARCBM,,42,120,93.63643975550532,98.19435119628906,6.550275993452775,0.0,1.4208513956803541,0.0,0.016851715743541718,0.10445144772529602,0.9743069887161255,89.1631080967931,-0.0021225822657623752,89.1631080967931,-0.0021225822657623752,6.363560244494678,10.608724776019429
awa2-arhcbm,awa2,ARCBM,,43,120,93.96299087331491,98.25714874267578,6.502757687841598,0.0,1.4387572728670561,0.0,0.014457309618592262,0.09930203855037689,0.9762256860733032,90.25537972033828,-0.0017374194088587414,90.25537972033828,-0.0017374194088587414,6.037009126685092,9.511847944402575
awa2-arhcbm,awa2,ARCBM,,44,120,94.0299757179938,98.21443176269531,6.584848310163373,0.0,1.4431371138646052,0.0,0.013032954186201096,0.09890978038311005,0.9736435979604721,90.04060956208657,-0.0017709118311981912,90.04060956208657,-0.0017709118311981912,5.970024282006193,9.511847944402575
awa2-cbm,awa2,CBM,,42,120,94.42351168048229,98.90773010253906,6.544294417804808,0.0,1.4285805592170129,0.0,0.031071966513991356,0.088723324239254,0.9750247240066529,93.65695386418822,-0.006535208908984344,93.65695386418822,-0.006535208908984344,5.576488319517708,18.646906137486397
awa2-cbm,awa2,CBM,,43,120,94.44025789165201,98.91694641113281,6.56459754808985,0.0,1.4216249722700853,0.0,0.030319616198539734,0.08864632248878479,0.9763536274433136,95.18337101230847,-0.0028175500293058705,95.18337101230847,-0.0028175500293058705,5.55974210834799,11.194842166959731
awa2-cbm,awa2,CBM,,44,120,94.32303441346396,98.88929748535156,6.58161487738259,0.0,1.4442972036508412,0.0,0.03127288073301315,0.09004514664411545,0.9747731059789657,95.57355773256302,-0.0027589382902118444,95.57355773256302,-0.0027589382902118444,5.676965586536042,11.194842166959731
awa2-cem,awa2,CEM,,42,120,94.33978062463368,98.90271759033203,6.824768690061369,0.0,1.441720724105835,0.0,0.0328267440199852,0.09065160155296326,0.9744893401861191,,,,,,
awa2-cem,awa2,CEM,,43,120,94.39839236372771,98.94456481933594,6.850353035860689,0.0,1.4132517117720385,0.0,0.0326603502035141,0.0885009765625,0.9753059566020965,,,,,,
awa2-cem,awa2,CEM,,44,120,94.11370677384242,98.90689086914062,6.925224771466665,0.0,1.4254895540384145,0.0,0.034558095037937164,0.09302058070898056,0.9750408887863159,,,,,,
awa2-mcbm-005,awa2,MCBM (low g),0.05,42,120,94.18906472410617,98.9692611694336,6.700604417590163,0.0,1.4240727974818304,0.0,0.03144708275794983,0.09042444825172424,0.9669217199087143,94.44863099723688,-0.0017374194088587488,94.44863099723688,-0.0017374194088587488,5.810935275893826,9.285774093611323
awa2-mcbm-005,awa2,MCBM (low g),0.05,43,120,94.19743782969103,98.94288635253906,6.4533695230339845,0.0,1.4071972553546612,0.0,0.03143242001533508,0.09292596578598022,0.9683713614940643,93.20020095453404,-0.002591476178514611,93.20020095453404,-0.002591476178514611,5.802562170308974,10.985514527338196
awa2-mcbm-005,awa2,MCBM (low g),0.05,44,120,94.18069161852131,98.9328384399414,6.490813038070837,0.0,1.4091294545393724,0.0,0.0311659537255764,0.09220965206623077,0.9693926036357879,95.96290714225906,-0.0014527338189734564,95.96290714225906,-0.0014527338189734564,5.819308381478692,8.724776019425605
awa2-mcbm-01,awa2,MCBM (medium g),0.1,42,120,93.90437913422089,98.94205474853516,6.67572235317659,0.0,1.415699812082144,0.0,0.0324297770857811,0.09460650384426117,0.9687055557966232,93.68835301013146,-0.0015950766139161063,93.68835301013146,-0.0015950766139161063,6.095620865779111,9.285774093611323
awa2-mcbm-01,awa2,MCBM (medium g),0.1,43,120,94.36489994138826,98.99858093261719,6.432859746598386,0.0,1.413252170269306,0.0,0.03037409856915474,0.09100111573934555,0.9675127238035202,92.4679728711379,-0.002675207234363228,92.4679728711379,-0.002675207234363228,5.635100058611741,10.985514527338196
awa2-mcbm-01,awa2,MCBM (medium g),0.1,44,120,94.09696056267269,98.94414520263672,6.437981270446914,0.0,1.4096454473642201,0.0,0.03174633905291557,0.09445987641811371,0.9650302857160569,94.89366155907224,-0.0014108682910491481,94.89366155907224,-0.0014108682910491481,5.903039437327308,8.724776019425605
awa2-mcbm-03,awa2,MCBM (high g),0.3,42,120,93.93787155656032,98.96758270263672,6.550554371777142,0.0,1.4117060257838323,0.0,0.02925160713493824,0.0976545512676239,0.9685393631458282,94.17022523654023,-0.0016118228250858238,94.17022523654023,-0.0016118228250858238,6.062128443439676,9.285774093611323
awa2-mcbm-03,awa2,MCBM (high g),0.3,43,120,94.11370677384242,98.9876937866211,6.355859982230896,0.0,1.4088721458728497,0.0,0.02785128727555275,0.09475594758987427,0.966925111413002,94.52733818973458,-0.0014192413966340142,94.52733818973458,-0.0014192413966340142,5.886293226157576,8.724776019425605
awa2-mcbm-03,awa2,MCBM (high g),0.3,44,120,93.83739428954199,98.94749450683594,6.303188990365294,0.0,1.4060383576613207,0.0,0.028182942420244217,0.09850368648767471,0.9668210834264755,93.72896257221802,-0.0012810851544837972,93.72896257221802,-0.0012810851544837972,6.16260571045801,8.724776019425605
awa2-shcbm,awa2,SCBM,,42,120,85.74897429456585,98.96424865722656,4.909537255696686,0.0,1.1715908233936017,0.0,0.010219977237284184,0.19879727065563202,0.9756757855415344,89.80867453738591,0.00276312484300427,89.80867453738591,0.00276312484300427,14.251025705434145,8.724776019425605
awa2-shcbm,awa2,SCBM,,43,120,85.84945156158419,98.93075561523438,4.931747497003826,0.0,1.1562613340524526,0.0,0.009136507287621498,0.19795657694339752,0.9742246448993683,89.72075692874488,0.0027128862094951034,89.72075692874488,0.0027128862094951034,14.150548438415811,8.724776019425605
awa2-shcbm,awa2,SCBM,,44,120,85.70710876664155,98.92405700683594,4.525305618351613,0.0,1.1198062163132887,0.0,0.011546031571924686,0.19918875396251678,0.9733617722988128,89.76764632002009,0.002784057606966421,89.76764632002009,0.002784057606966421,14.292891233358446,8.724776019425605
awa2-vanilla,awa2,Vanilla,,42,120,94.5742275810098,,6.534767284479541,0.0,1.4240725223834698,0.0,0.03100360557436943,0.08557070046663284,,,,,,,
awa2-vanilla,awa2,Vanilla,,43,120,94.33140751904881,,6.5661693197259225,0.0,1.4189200217907245,0.0,0.031966790556907654,0.08834656327962875,,,,,,,
awa2-vanilla,awa2,Vanilla,,44,120,94.50724273633091,,6.571762401147454,0.0,1.4303846542651837,0.0,0.030267324298620224,0.08747749775648117,,,,,,,
cifar10-arhcbm,cifar10,ARCBM,,42,200,68.5,84.44500732421875,17.05881864779628,0.0,-0.530000276203397,0.0,0.15870064496994019,0.4775904715061188,0.8630180136533454,69.088125,-3.7499999999999204e-05,69.088125,-3.7499999999999204e-05,31.5,31.739999999999995
cifar10-arhcbm,cifar10,ARCBM,,43,200,68.25,84.53389739990234,18.06550853690442,0.0,-0.6821519966366925,0.0,0.17451006174087524,0.49100005626678467,0.8471786152222194,71.70453125,0.0005484375000000007,71.70453125,0.0005484375000000007,31.75,28.239999999999995
cifar10-arhcbm,cifar10,ARCBM,,44,200,69.7,84.1148452758789,19.244100903360454,0.0,-0.4553161844422546,0.0,0.15435945987701416,0.4623132348060608,0.8144310095813125,72.0125,0.0003234374999999989,72.0125,0.0003234374999999989,30.299999999999997,28.230000000000004
cifar10-cbm,cifar10,CBM,,42,200,73.56,84.9348373413086,17.910306191914643,0.0,-0.4397467721866656,0.0,0.18032675981521606,0.43570971488952637,0.8697775525506586,72.17734375,-0.0017515625,72.17734375,-0.0017515625,26.439999999999998,37.65
cifar10-cbm,cifar10,CBM,,43,200,73.88,84.77438354492188,18.004947527280386,0.0,-0.6164558326141744,0.0,0.1850062757730484,0.43466246128082275,0.8513714199652895,74.51875,-0.0010124999999999984,74.51875,-0.0010124999999999984,26.120000000000005,32.599999999999994
cifar10-cbm,cifar10,CBM,,44,200,73.9,84.5106201171875,19.3391552247254,0.0,-0.5455693866633162,0.0,0.18329471349716187,0.4327556788921356,0.8192980849999003,75.30875,-0.0012953125000000009,75.30875,-0.0012953125000000009,26.099999999999994,34.39
cifar10-cem,cifar10,CEM,,42,200,73.25,84.82172393798828,25.810944734767588,0.0,-0.7211391684375231,0.0,0.19354596734046936,0.44816264510154724,0.8686933430144563,,,,,,
cifar10-cem,cifar10,CEM,,43,200,73.33,84.85093688964844,26.764637200326025,0.0,-0.7974681974966314,0.0,0.19226202368736267,0.4489782750606537,0.8511463459581137,,,,,,
cifar10-cem,cifar10,CEM,,44,200,73.3,84.5296630859375,27.771946507409123,0.0,-0.6360759463491319,0.0,0.19363510608673096,0.4468170404434204,0.8189002629369497,,,,,,
cifar10-mcbm-01,cifar10,MCBM (low g),0.1,42,200,72.04,85.16140747070312,17.166541479559694,0.0,-0.6574685060525243,0.0,0.10049371421337128,0.3973887860774994,0.8662333836546168,74.91953125,0.00033906249999999806,74.91953125,0.00033906249999999806,27.959999999999994,25.790000000000006
cifar10-mcbm-01,cifar10,MCBM (low g),0.1,43,200,72.14,84.9168930053711,17.18083212007179,0.0,-0.8165818980977505,0.0,0.10735053569078445,0.40771403908729553,0.8418486267328262,75.4503125,0.0004328124999999994,75.4503125,0.0004328124999999994,27.86,25.090000000000003
cifar10-mcbm-01,cifar10,MCBM (low g),0.1,44,200,72.48,84.66218566894531,18.673232917012147,0.0,-0.6448099130316626,0.0,0.10733678936958313,0.39836353063583374,0.816439057525713,75.4615625,0.00046249999999999904,75.4615625,0.00046249999999999904,27.519999999999996,24.560000000000002
cifar10-mcbm-03,cifar10,MCBM (medium g),0.3,42,200,69.87,85.08030700683594,17.201535239919473,0.0,-0.6325321106971065,0.0,0.03709712252020836,0.4085283577442169,0.865533743519336,74.08453125,0.0007093749999999987,74.08453125,0.0007093749999999987,30.129999999999995,25.590000000000003
cifar10-mcbm-03,cifar10,MCBM (medium g),0.3,43,200,69.43,84.93204498291016,17.59615424453863,0.0,-0.782404670232459,0.0,0.05441544950008392,0.41530171036720276,0.8426792823593132,74.51859375000001,0.0008499999999999996,74.51859375000001,0.0008499999999999996,30.569999999999993,25.129999999999995
cifar10-mcbm-03,cifar10,MCBM (medium g),0.3,44,200,70.85,84.58280944824219,18.453660157650653,0.0,-0.6500001195110853,0.0,0.03978202864527702,0.3995431065559387,0.8148906407004688,74.9446875,0.0007671875000000017,74.9446875,0.0007671875000000017,29.150000000000006,24.239999999999995
cifar10-mcbm-05,cifar10,MCBM (high g),0.5,42,200,69.47,85.13593292236328,16.787580241054055,0.0,-0.6464556802677203,0.0,0.012964481487870216,0.4114234447479248,0.8658640768262558,74.08203125,0.0008046875000000009,74.08203125,0.0008046875000000009,30.53,25.379999999999995
cifar10-mcbm-05,cifar10,MCBM (high g),0.5,43,200,68.67,84.88188934326172,17.584738630425452,0.0,-0.8135443246817287,0.0,0.03239121660590172,0.4239519536495209,0.8413863640744239,74.3725,0.0010062499999999995,74.3725,0.0010062499999999995,31.33,24.89
cifar10-mcbm-05,cifar10,MCBM (high g),0.5,44,200,70.03,84.6578140258789,18.552891571729837,0.0,-0.619366878195654,0.0,0.023010127246379852,0.4086366295814514,0.8140854324446991,74.62421875,0.0008781250000000008,74.62421875,0.0008781250000000008,29.97,24.349999999999994
cifar10-shcbm,cifar10,SCBM,,42,200,58.93,84.40328216552734,16.59753066353169,0.0,-0.6849368916282171,0.0,0.031069524586200714,0.5410711765289307,0.8646149975247681,70.2071875,0.0024015624999999996,70.2071875,0.0024015624999999996,41.07,25.700000000000003
cifar10-shcbm,cifar10,SCBM,,43,200,59.74,84.35248565673828,17.76464685354775,0.0,-0.8351894119117833,0.0,0.049783818423748016,0.5366457104682922,0.8463123253313825,71.50015625,0.0024734374999999986,71.50015625,0.0024734374999999986,40.26,24.430000000000007
cifar10-shcbm,cifar10,SCBM,,44,200,60.68,83.96548461914062,19.135608061455084,0.0,-0.7450630393209337,0.0,0.035740576684474945,0.5254099369049072,0.8123609496979043,71.6878125,0.0024078125000000007,71.6878125,0.0024078125000000007,39.32,23.909999999999997
cifar10-vanilla,cifar10,Vanilla,,42,200,71.34,,19.3154997736665,0.0,-0.7558228848855707,0.0,0.2193058282136917,0.48980507254600525,,,,,,,
cifar10-vanilla,cifar10,Vanilla,,43,200,71.4,,20.15380979179898,0.0,-0.8753164659572553,0.0,0.2213304340839386,0.4911997616291046,,,,,,,
cifar10-vanilla,cifar10,Vanilla,,44,200,71.44,,20.897671075391287,0.0,-0.7545565502553047,0.0,0.22198425233364105,0.490550696849823,,,,,,,
cub12-arhcbm,cub12,ARCBM,,42,250,74.68070417673455,96.3076171875,0.4050301559651426,0.0,0.030004061185396634,0.0,0.06494998931884766,0.36317548155784607,0.9526180358643227,81.30249683580716,0.009808997813830397,81.30249683580716,0.009808997813830397,25.31929582326545,13.548498446668972
cub12-arhcbm,cub12,ARCBM,,43,250,74.09389023127373,96.42445373535156,-0.16069974729787084,0.0,-0.03319107569181002,0.0,0.06856180727481842,0.3716990351676941,0.9534106860558192,83.09026579219885,0.012325969393625584,83.09026579219885,0.012325969393625584,25.906109768726267,11.114946496375566
cub12-arhcbm,cub12,ARCBM,,44,250,73.69692785640318,96.19825744628906,0.2897167186794673,0.0,0.04269355221798545,0.0,0.06885841488838196,0.38099658489227295,0.9527030890638178,81.44632378322403,0.011103440340582213,81.44632378322403,0.011103440340582213,26.30307214359682,12.978943734898166
cub12-cbm,cub12,CBM,,42,250,77.49395926820849,96.3994369506836,0.23610851653984577,0.0,0.010620630704439603,0.0,0.140193372964859,0.35609135031700134,0.9512066346533755,79.9505235300886,-0.001740306063744098,79.9505235300886,-0.001740306063744098,22.506040731791515,24.594408008284432
cub12-cbm,cub12,CBM,,43,250,77.90818087676907,96.47335815429688,-0.2569375473715887,0.0,-0.03119901968882634,0.0,0.13395750522613525,0.3510870337486267,0.9537919272979101,77.28397192497985,-0.004962029685881942,77.28397192497985,-0.004962029685881942,22.091819123230934,28.046254746289264
cub12-cbm,cub12,CBM,,44,250,76.51018294787711,96.19542694091797,0.3241333673749715,0.0,0.028159743861148234,0.0,0.14353765547275543,0.36760613322257996,0.9499001622200012,77.17897825336554,-0.005407893222874236,77.17897825336554,-0.005407893222874236,23.489817052122888,29.97928891957197
cub12-cem,cub12,CEM,,42,250,77.40766309975837,96.3579330444336,-0.23070374909399294,0.0,-0.18613457679748535,0.0,0.1386728584766388,0.3576064705848694,0.951722799463475,,,,,,
cub12-cem,cub12,CEM,,43,250,76.95892302381775,96.46070098876953,-0.8428924511153195,0.0,-0.22802135119071373,0.0,0.1410527527332306,0.36510780453681946,0.9530282586812973,,,,,,
cub12-cem,cub12,CEM,,44,250,75.52640662754574,96.21708679199219,0.06027881785442995,0.0,-0.15018571887099952,0.0,0.15272840857505798,0.38420891761779785,0.9507546294819225,,,,,,
cub12-mcbm-005,cub12,MCBM (low g),0.05,42,250,78.33966171901967,96.73469543457031,-0.24895749751372723,0.0,-0.22330843485318697,0.0,0.10010775923728943,0.32247647643089294,0.9443050217121205,82.8069267057876,0.0049044989069151985,82.8069267057876,0.0049044989069151985,21.660338280980326,15.774939592682088
cub12-mcbm-005,cub12,MCBM (low g),0.05,43,250,77.7183293061788,96.48429107666016,-0.7788821050844709,0.0,-0.20511952730325553,0.0,0.10769777745008469,0.3331860601902008,0.9424790352582931,85.54107697618225,0.007781037855252558,85.54107697618225,0.007781037855252558,22.281670693821198,12.944425267518127
cub12-mcbm-005,cub12,MCBM (low g),0.05,44,250,76.51018294787711,94.65153503417969,-0.31211232514726317,0.0,-0.21528633017289012,0.0,0.1126229465007782,0.3532369136810303,0.9262319682673974,85.33540444137613,0.0066879530548843635,85.33540444137613,0.0066879530548843635,23.489817052122888,15.464273386261652
cub12-mcbm-01,cub12,MCBM (medium g),0.1,42,250,77.2868484639282,96.67374420166016,-0.31960830972723797,0.0,-0.24561295142540565,0.0,0.09972678124904633,0.33272111415863037,0.9413598027635128,84.58318950638592,0.007033137728684847,84.58318950638592,0.007033137728684847,22.713151536071805,14.27338626164999
cub12-mcbm-01,cub12,MCBM (medium g),0.1,43,250,77.13151536071798,96.61027526855469,-0.7732415984409551,0.0,-0.24660848654233491,0.0,0.10759343206882477,0.3405047059059143,0.943855435649554,86.04590956161546,0.009435047750546547,86.04590956161546,0.009435047750546547,22.868484639282016,11.54642733862616
cub12-mcbm-01,cub12,MCBM (medium g),0.1,44,250,76.33759061097687,94.72118377685547,-0.3087331228852244,0.0,-0.2192225372582151,0.0,0.10942255705595016,0.3535723090171814,0.9241982632062652,86.09193418478884,0.007579680128868939,86.09193418478884,0.007579680128868939,23.662409389023125,14.566793234380398
cub12-mcbm-03,cub12,MCBM (high g),0.3,42,250,76.14773904038661,96.62821960449219,-0.34707912545033565,0.0,-0.29898359225346494,0.0,0.1034795343875885,0.3560968339443207,0.9365360305664387,83.92877689563916,0.008054309055344612,83.92877689563916,0.008054309055344612,23.85226095961339,14.187090093199856
cub12-mcbm-03,cub12,MCBM (high g),0.3,43,250,74.95685191577493,96.4710693359375,-0.7977419860550203,0.0,-0.27979910373687744,0.0,0.10740714520215988,0.36175259947776794,0.9396242250998815,84.63928201587849,0.011103440340582213,84.63928201587849,0.011103440340582213,25.043148084225066,11.719019675526411
cub12-mcbm-03,cub12,MCBM (high g),0.3,44,250,74.38729720400414,94.67697143554688,-0.4088109957061618,0.0,-0.25919132065354733,0.0,0.11002197861671448,0.37358716130256653,0.9213400134986097,85.10671959498332,0.00920492463467955,85.10671959498332,0.00920492463467955,25.612702795995858,14.566793234380398
cub12-shcbm,cub12,SCBM,,42,250,73.33448394891266,96.59515380859375,0.11376818561781418,0.0,-0.024694296029897835,0.0,0.07547704875469208,0.3801525831222534,0.951006662338338,81.73541594753193,0.010858934529973538,81.73541594753193,0.010858934529973538,26.665516051087337,13.634794615119091
cub12-shcbm,cub12,SCBM,,43,250,71.47048671039006,96.46989440917969,-0.23534751260713202,0.0,-0.007966504647181584,0.0,0.08090493828058243,0.40042465925216675,0.9520561655362447,82.61707513519733,0.01477102749971234,82.61707513519733,0.01477102749971234,28.529513289609937,10.80428028995513
cub12-shcbm,cub12,SCBM,,44,250,71.48774594408009,96.34574127197266,0.14266246601123625,0.0,-0.009992143564056932,0.0,0.07915720343589783,0.40191492438316345,0.9496515013954856,80.68979403981129,0.012858129099068,80.68979403981129,0.012858129099068,28.51225405591991,13.082499137038312
cub12-vanilla,cub12,Vanilla,,42,250,75.45736969278563,,-0.043904340162580574,0.0,-0.17896533012390137,0.0,0.1544305682182312,0.38853055238723755,,,,,,,
cub12-vanilla,cub12,Vanilla,,43,250,75.23299965481533,,-0.6028281611379505,0.0,-0.25623349043039173,0.0,0.15983200073242188,0.3986850678920746,,,,,,,
cub12-vanilla,cub12,Vanilla,,44,250,75.81981360027615,,-0.013724582664839327,0.0,-0.12626512008800841,0.0,0.15140454471111298,0.38551345467567444,,,,,,,
mpi3d-arhcbm,mpi3d,ARCBM,,42,50,23.75925925925926,99.99933624267578,28.832002072922958,10.737001986539262,15.590278431773186,4.9259258434176445,0.006636532489210367,0.8196516633033752,0.999904100384031,23.757109788359795,-1.6534391534455446e-06,23.757109788359795,-1.6534391534455446e-06,76.24074074074073,76.24305555555556
mpi3d-arhcbm,mpi3d,ARCBM,,43,50,24.516203703703702,99.99900817871094,30.49706588389337,9.074874785551346,17.45833270251751,3.995370492339134,0.012063758447766304,0.8172436356544495,0.9999041131564549,24.516203703703695,0.0,24.516203703703695,0.0,75.4837962962963,75.4837962962963
mpi3d-arhcbm,mpi3d,ARCBM,,44,50,24.29861111111111,99.99900817871094,28.269871617006693,9.562867957353404,14.89814892411232,4.152777977287769,0.008470128290355206,0.8188013434410095,0.999904100384031,24.300925925925924,1.653439153435394e-06,24.300925925925924,1.653439153435394e-06,75.70138888888889,75.69907407407408
mpi3d-cbm,mpi3d,CBM,,42,50,99.95370370370371,99.99784851074219,30.393243285394632,6.676906332655563,18.636573292315006,3.0601849779486656,0.0008478360250592232,0.0009325529681518674,0.999904100384031,50.73528439153439,-0.05897652116402117,50.73528439153439,-0.05897652116402117,0.04629629629629051,82.61342592592592
mpi3d-cbm,mpi3d,CBM,,43,50,99.95601851851852,99.99900817871094,29.946759295745785,9.486247232701373,18.979167193174362,3.925926052033901,0.0013148706639185548,0.0009099908056668937,0.9999041131564549,51.80720899470899,-0.0587582671957672,51.80720899470899,-0.0587582671957672,0.043981481481480955,82.30555555555556
mpi3d-cbm,mpi3d,CBM,,44,50,99.97453703703704,99.99933624267578,25.978598205390448,7.544231283953828,15.918981283903122,3.185185045003891,0.0009436182444915175,0.00048697428428567946,0.999904100384031,46.294146825396815,-0.059991732804232804,46.294146825396815,-0.059991732804232804,0.02546296296296191,84.01388888888889
mpi3d-cem,mpi3d,CEM,,42,50,99.95138888888889,99.99867248535156,45.92626659061176,18.42096358691936,30.30555620789528,7.298610918223858,0.0009256718913093209,0.0007184387650340796,0.999904100384031,,,,,,
mpi3d-cem,mpi3d,CEM,,43,50,99.93287037037037,99.99967193603516,46.63975780756567,18.657935045974583,30.74305411428213,7.337962836027145,0.0012071195524185896,0.0011536141391843557,0.9999041131564549,,,,,,
mpi3d-cem,mpi3d,CEM,,44,50,99.9375,99.99933624267578,44.146364607371105,15.655606454487803,28.40972263365984,6.699074059724808,0.001565747894346714,0.001102419919334352,0.9999040961265564,,,,,,
mpi3d-mcbm-1,mpi3d,MCBM (low g),1.0,42,50,69.80092592592592,99.99867248535156,9.192963780417962,-0.0012914656704943184,6.486110761761665,0.10416675359010696,0.262911319732666,0.5045403838157654,0.9999007795538221,45.92493386243386,-0.03410383597883598,45.92493386243386,-0.03410383597883598,30.199074074074076,77.94444444444444
mpi3d-mcbm-1,mpi3d,MCBM (low g),1.0,43,50,61.4837962962963,99.99933624267578,8.626490563668298,0.0002634869614381863,5.0462959334254265,0.20370371639728546,0.21040090918540955,0.5607175230979919,0.9999041088989803,36.532903439153436,-0.027361111111111117,36.532903439153436,-0.027361111111111117,38.5162037037037,76.82175925925927
mpi3d-mcbm-1,mpi3d,MCBM (low g),1.0,44,50,64.03472222222223,99.99967193603516,8.646131020406688,-0.0020215844521609405,5.337962694466114,0.03240741789340973,0.22179435193538666,0.5365731716156006,0.9999040961265564,43.54646164021164,-0.029001322751322757,43.54646164021164,-0.029001322751322757,35.96527777777777,76.56712962962963
mpi3d-mcbm-3,mpi3d,MCBM (medium g),3.0,42,50,23.97685185185185,99.99967193603516,-0.0015060823350121488,-0.0029991149080421664,-0.02314820885658264,0.22453702986240387,0.0025104843080043793,0.816562294960022,0.999904100384031,23.940145502645503,-5.2910052910054417e-05,23.940145502645503,-5.2910052910054417e-05,76.02314814814815,76.09722222222223
mpi3d-mcbm-3,mpi3d,MCBM (medium g),3.0,43,50,25.252314814814813,99.99967193603516,-0.0011797586111250702,9.242453012925367e-05,0.10416656732559204,0.1574074849486351,0.004125926177948713,0.813328742980957,0.9999036661216191,25.152116402116405,-0.00011408730158729594,25.152116402116405,-0.00011408730158729594,74.74768518518519,74.9074074074074
mpi3d-mcbm-3,mpi3d,MCBM (medium g),3.0,44,50,24.89814814814815,99.99933624267578,4.392708538025758e-05,-0.0023477726395104703,0.1504627987742424,0.018518418073654175,0.0038219676353037357,0.8150017857551575,0.999904100384031,24.800264550264547,-9.755291005291156e-05,24.800264550264547,-9.755291005291156e-05,75.10185185185185,75.23842592592592
mpi3d-mcbm-5,mpi3d,MCBM (high g),5.0,42,50,24.27777777777778,100.0,0.001566083139536989,-0.0036766158524659254,-0.11574085801839828,0.2268519252538681,0.007549486123025417,0.816718578338623,0.999904100384031,24.088624338624335,-0.0002132936507936429,24.088624338624335,-0.0002132936507936429,75.72222222222223,76.02083333333333
mpi3d-mcbm-5,mpi3d,MCBM (high g),5.0,43,50,25.0,100.0,-0.0016172977029382807,-0.0002804413900547864,0.0995369628071785,0.09722225368022919,0.002522342372685671,0.8139315843582153,0.9999041088989803,24.884424603174605,-0.00010582010582010883,24.884424603174605,-0.00010582010582010883,75.0,75.14814814814815
mpi3d-mcbm-5,mpi3d,MCBM (high g),5.0,44,50,24.89814814814815,100.0,0.0004330995008849925,-0.002429225605860008,0.07638875395059586,0.062499940395355225,0.0026693325489759445,0.8154560923576355,0.999904100384031,24.853174603174605,-5.456349206348981e-05,24.853174603174605,-5.456349206348981e-05,75.10185185185185,75.17824074074073
mpi3d-shcbm,mpi3d,SCBM,,42,50,23.52777777777778,99.99900817871094,27.39999294468154,7.389925800166086,14.990740455687046,3.75694427639246,0.0058326274156570435,0.819909930229187,0.9999040833541325,23.52777777777777,0.0,23.52777777777777,0.0,76.47222222222223,76.47222222222223
mpi3d-shcbm,mpi3d,SCBM,,43,50,24.599537037037038,99.99933624267578,24.88418854163973,7.876160491187456,13.817129284143448,3.9953703060746193,0.008914879523217678,0.8168994188308716,0.999904100384031,24.60416666666668,3.3068783068809383e-06,24.60416666666668,3.3068783068809383e-06,75.40046296296296,75.39583333333333
mpi3d-shcbm,mpi3d,SCBM,,44,50,24.01851851851852,99.99867248535156,27.138428478440414,8.725183821378934,14.460647851228714,3.5879630595445633,0.0063712624832987785,0.8190006613731384,0.999904100384031,24.018518518518526,0.0,24.018518518518526,0.0,75.98148148148148,75.98148148148148
mpi3d-vanilla,mpi3d,Vanilla,,42,50,99.95833333333333,,27.84124794978756,11.770423800749397,18.124999292194843,4.8912037163972855,0.0005239613819867373,0.0007342506432905793,,,,,,,
mpi3d-vanilla,mpi3d,Vanilla,,43,50,99.96527777777777,,39.34244496930288,13.75415174455199,24.953702837228775,5.8194441720843315,0.00035584979923442006,0.00048259380855597556,,,,,,,
mpi3d-vanilla,mpi3d,Vanilla,,44,50,99.95370370370371,,35.33268933559456,13.767194499206969,21.377315372228622,5.2731480449438095,0.0002931543276645243,0.0007217290112748742,,,,,,,
shapes3d-arhcbm,shapes3d,ARCBM,,42,50,30.05666666666667,100.0,20.662766160743868,36.96439218852628,26.946668326854706,27.94666588306427,0.008498364128172398,0.7442920207977295,0.999696198436949,30.056666666666672,0.0,30.056666666666672,0.0,69.94333333333333,69.94333333333333
shapes3d-arhcbm,shapes3d,ARCBM,,43,50,29.7,100.0,22.883539267630322,40.464038625579256,29.10500057041645,32.36000053584576,0.005434536840766668,0.7445542216300964,0.9996962348620096,29.700000000000003,0.0,29.700000000000003,0.0,70.3,70.3
shapes3d-arhcbm,shapes3d,ARCBM,,44,50,29.10333333333333,100.0,21.24580484961723,27.46908820197923,28.13499979674816,22.38999903202057,0.0034165321849286556,0.7446509003639221,0.9996962679757012,29.103333333333328,0.0,29.103333333333328,0.0,70.89666666666668,70.89666666666668
shapes3d-cbm,shapes3d,CBM,,42,50,100.0,100.0,10.969349884635815,28.039074359862603,16.013332083821297,22.763334959745407,1.1980533599853516e-05,1.31984547735442e-08,0.999696198436949,76.54574074074074,-0.04179444444444445,76.54574074074074,-0.04179444444444445,0.0,75.23
shapes3d-cbm,shapes3d,CBM,,43,50,100.0,100.0,12.189096687148615,33.6989251364461,16.82666763663292,29.13000099360943,1.1324882507324219e-05,1.0651350024204476e-08,0.9996962348620096,67.59944444444444,-0.041490740740740745,67.59944444444444,-0.041490740740740745,0.0,74.68333333333334
shapes3d-cbm,shapes3d,CBM,,44,50,100.0,100.0,16.50220950539855,28.8480202918293,21.639999747276306,24.553333967924118,2.0205974578857422e-05,2.3285547712248444e-08,0.9996962679757012,74.30833333333334,-0.0414,74.30833333333334,-0.0414,0.0,74.52
shapes3d-cem,shapes3d,CEM,,42,50,100.0,100.0,31.54536772263735,39.59506961101498,34.57999974489212,32.7966682612896,2.759695053100586e-05,3.8399299739921844e-08,0.999696198436949,,,,,,
shapes3d-cem,shapes3d,CEM,,43,50,100.0,100.0,21.00816809070394,53.578817819167,25.38333460688591,45.54666578769684,2.5212764739990234e-05,1.8793343770084903e-08,0.9996962348620096,,,,,,
shapes3d-cem,shapes3d,CEM,,44,50,100.0,100.0,21.426584753185352,51.21901353075907,26.23833380639553,43.29000078141689,3.451108932495117e-05,2.2462805304712674e-07,0.9996962679757012,,,,,,
shapes3d-mcbm-1,shapes3d,MCBM (low g),1.0,42,50,78.11666666666666,100.0,1.5573772053548929,1.799725903116478,4.893333092331886,4.010000452399254,0.19982971251010895,0.3348516821861267,0.999696198436949,57.21796296296296,-0.02697407407407407,57.21796296296296,-0.02697407407407407,21.88333333333334,70.43666666666667
shapes3d-mcbm-1,shapes3d,MCBM (low g),1.0,43,50,77.82666666666667,95.00055694580078,1.609557721829863,5.352079356244433,5.046667158603668,6.733333319425583,0.24709700047969818,0.3936564326286316,0.9496476087305281,48.779259259259256,-0.027505555555555557,48.779259259259256,-0.027505555555555557,22.173333333333332,71.68333333333334
shapes3d-mcbm-1,shapes3d,MCBM (low g),1.0,44,50,67.84333333333333,95.00314331054688,1.3489150241889847,2.215051286498748,4.536666348576546,5.226666480302811,0.16764236986637115,0.45780786871910095,0.9497834634449747,43.980185185185185,-0.02183518518518519,43.98018518518519,-0.02183518518518519,32.156666666666666,71.46000000000001
shapes3d-mcbm-3,shapes3d,MCBM (medium g),3.0,42,50,30.75,100.0,0.002378343072756417,-0.0017850661226392894,0.1900002360343933,0.1499999314546585,0.008551661856472492,0.742913544178009,0.999696198436949,30.217592592592595,-0.0004462962962963009,30.217592592592595,-0.0004462962962963009,69.25,70.05333333333334
shapes3d-mcbm-3,shapes3d,MCBM (medium g),3.0,43,50,30.486666666666668,95.00055694580078,-0.005060496829267791,-0.0036343257039384014,0.07333382964134216,0.12999996542930603,0.009497134946286678,0.7436245679855347,0.9496476087305281,29.985,-0.00039999999999999937,29.985,-0.00039999999999999937,69.51333333333334,70.23333333333333
shapes3d-mcbm-3,shapes3d,MCBM (medium g),3.0,44,50,29.96,95.00314331054688,0.004492630145153109,0.0012597162444505372,0.10166652500629425,0.08333325386047363,0.004473238252103329,0.7433595061302185,0.9497834634449747,29.601851851851855,-0.00032222222222222916,29.601851851851855,-0.00032222222222222916,70.03999999999999,70.62
shapes3d-mcbm-5,shapes3d,MCBM (high g),5.0,42,50,30.08,100.0,0.0023088673936300097,-0.0016081854475324953,0.1783333718776703,0.4066668450832367,0.0034544342197477818,0.7434715032577515,0.999696198436949,30.059074074074076,-1.8518518518517468e-05,30.059074074074076,-1.8518518518517468e-05,69.92,69.95333333333333
shapes3d-mcbm-5,shapes3d,MCBM (high g),5.0,43,50,30.163333333333334,95.00055694580078,-0.005489597817004421,-0.00423056613478856,0.005000084638595581,0.18666647374629974,0.010114049538969994,0.7437559366226196,0.9496476087305281,30.095185185185187,-0.00012592592592592194,30.095185185185187,-0.00012592592592592194,69.83666666666667,70.06333333333333
shapes3d-mcbm-5,shapes3d,MCBM (high g),5.0,44,50,29.513333333333332,95.00314331054688,0.0020702978194009347,0.0025016560252555387,-0.03833360970020294,0.1733332872390747,0.005837596487253904,0.7436125874519348,0.9497834634449747,29.47222222222222,-6.481481481481113e-05,29.47222222222222,-6.481481481481113e-05,70.48666666666666,70.60333333333332
shapes3d-shcbm,shapes3d,SCBM,,42,50,29.93,100.0,17.390477422149814,20.02860606430993,22.768333926796913,18.25999990105629,0.009879151359200478,0.7443007230758667,0.999696198436949,29.930000000000007,0.0,29.930000000000007,0.0,70.07,70.07
shapes3d-shcbm,shapes3d,SCBM,,43,50,29.863333333333333,100.0,21.72854508418966,25.92356289194103,26.828333735466003,23.383332416415215,0.005995810031890869,0.7444849014282227,0.9996962348620096,29.86333333333333,0.0,29.86333333333333,0.0,70.13666666666667,70.13666666666667
shapes3d-shcbm,shapes3d,SCBM,,44,50,29.313333333333333,100.0,20.337951458117555,29.30291907937921,26.57666653394699,25.006666034460068,0.00277966377325356,0.7445322871208191,0.9996962679757012,29.313333333333333,0.0,29.313333333333333,0.0,70.68666666666667,70.68666666666667
shapes3d-vanilla,shapes3d,Vanilla,,42,50,100.0,,58.7475481683513,36.30871602596878,57.00833350419998,28.01666557788849,4.8977166443364695e-05,7.592062161165813e-07,,,,,,,
shapes3d-vanilla,shapes3d,Vanilla,,43,50,100.0,,53.464056485306855,33.34077312964576,53.316666185855865,25.33666603267193,3.552436828613281e-05,6.580948763712513e-08,,,,,,,
shapes3d-vanilla,shapes3d,Vanilla,,44,50,100.0,,38.25395126128131,35.45027457877915,39.46166634559631,30.12666627764702,2.8908252716064453e-05,1.5745559522883923e-08,,,,,,,
