config,dataset,model,seed,cka,disentanglement,ois,nis
awa2-arhcbm,awa2,ARCBM,42,0.7385903596878052,0.29879899638449087,14.861972282393815,0.0007623678007373513
awa2-arhcbm,awa2,ARCBM,43,0.7404581308364868,0.30243846295127885,15.348792733738167,0.002077379391875467
awa2-arhcbm,awa2,ARCBM,44,0.7407373189926147,0.31264784964214515,15.926894969768163,0.011164640867373232
awa2-cbm,awa2,CBM,42,0.736329972743988,0.3065457387944062,12.050737428356967,3.994120654382538e-05
awa2-cbm,awa2,CBM,43,0.743141770362854,0.2974055725475397,13.178969070041763,5.083426287411097e-05
awa2-cbm,awa2,CBM,44,0.746586263179779,0.29137561846063387,11.98178286709874,0.009305035116414229
awa2-cem,awa2,CEM,42,0.7087552547454834,0.2991757329543028,13.535120563541032,0.009162914753150786
awa2-cem,awa2,CEM,43,0.6930347681045532,0.3303937571640548,12.951621853840203,0.0006995682118704494
awa2-cem,awa2,CEM,44,0.7202290296554565,0.29743100929946814,13.980015505517255,0.00019970603271968201
awa2-mcbm-005,awa2,MCBM (low g),42,0.9338912963867188,0.5777894022065958,8.218440381440855,0.014621026303477948
awa2-mcbm-005,awa2,MCBM (low g),43,0.934390127658844,0.5932708558873421,7.234258239519467,0.010095387804334166
awa2-mcbm-005,awa2,MCBM (low g),44,0.9365922808647156,0.5708479177825069,7.069652119047842,0.013226307819431127
awa2-mcbm-01,awa2,MCBM (medium g),42,0.9416889548301697,0.66726863657783,7.717341304160675,0.1310250646181932
awa2-mcbm-01,awa2,MCBM (medium g),43,0.9408785104751587,0.6550517760112571,6.8935087560140484,0.17657404427015355
awa2-mcbm-01,awa2,MCBM (medium g),44,0.9382819533348083,0.616394066006534,6.653063268595713,0.007488700563406114
awa2-mcbm-03,awa2,MCBM (high g),42,0.9414868354797363,0.7625152579458342,5.763516221741895,0.12089489065076342
awa2-mcbm-03,awa2,MCBM (high g),43,0.9451197981834412,0.7323722397209883,6.797067377011337,0.2475269042619038
awa2-mcbm-03,awa2,MCBM (high g),44,0.9436459541320801,0.7536600743205174,6.194583204472511,0.02826928188315259
awa2-shcbm,awa2,SCBM,42,0.7471967935562134,0.3350810138250767,13.967039059676184,0.00034328159272567493
awa2-shcbm,awa2,SCBM,43,0.7843170166015625,0.3664103018191739,14.787386564799176,0.00017309888253047578
awa2-shcbm,awa2,SCBM,44,0.7799453735351562,0.3479883395823574,13.323982077352028,3.2679168990301655e-05
awa2-vanilla,awa2,Vanilla,42,0.41548478603363037,0.12294627375610119,nan,nan
awa2-vanilla,awa2,Vanilla,43,0.4162862300872803,0.1222440315747361,nan,nan
awa2-vanilla,awa2,Vanilla,44,0.404679536819458,0.12341542574440134,nan,nan
cifar10-arhcbm,cifar10,ARCBM,42,0.31586435437202454,0.26250343632793094,16.087350696895474,1.9570882464582495
cifar10-arhcbm,cifar10,ARCBM,43,0.31398695707321167,0.26956301923412096,15.37416717904912,2.581296403075145
cifar10-arhcbm,cifar10,ARCBM,44,0.25858360528945923,0.2757959632288939,16.973386480246237,3.108137346291993
cifar10-cbm,cifar10,CBM,42,0.35588881373405457,0.28897736458916556,15.035042574986262,2.105871728097095
cifar10-cbm,cifar10,CBM,43,0.34677568078041077,0.2898221349807786,14.772593981088852,3.1252052961033563
cifar10-cbm,cifar10,CBM,44,0.2712235152721405,0.3080993310557076,15.487952703285025,4.721555314913791
cifar10-cem,cifar10,CEM,42,0.31372469663619995,0.3603032551808307,15.977052394187169,1.3983633065544856
cifar10-cem,cifar10,CEM,43,0.3451310992240906,0.38100972064436195,15.894608669897087,2.0939905026751835
cifar10-cem,cifar10,CEM,44,0.2673446536064148,0.3673373210174765,16.598999411789237,3.0926982512614436
cifar10-mcbm-01,cifar10,MCBM (low g),42,0.39414182305336,0.30923622734287043,13.072418072463751,3.268713346685291
cifar10-mcbm-01,cifar10,MCBM (low g),43,0.394487202167511,0.30532253333697906,12.627575012873923,4.686231249339409
cifar10-mcbm-01,cifar10,MCBM (low g),44,0.3268253207206726,0.3196335513140537,14.117203402634956,5.1936908951518745
cifar10-mcbm-03,cifar10,MCBM (medium g),42,0.3856807351112366,0.2982635865747526,12.763995190084387,3.553720980234977
cifar10-mcbm-03,cifar10,MCBM (medium g),43,0.3953784704208374,0.3067102188252071,12.494254642665178,4.816432193463369
cifar10-mcbm-03,cifar10,MCBM (medium g),44,0.3217087388038635,0.31035022043175053,14.065600036720369,4.7332200720971604
cifar10-mcbm-05,cifar10,MCBM (high g),42,0.39277732372283936,0.3119064671446559,12.931471143731763,3.5604292215473428
cifar10-mcbm-05,cifar10,MCBM (high g),43,0.3920482397079468,0.3074622683588259,12.698997495995288,5.284805505589732
cifar10-mcbm-05,cifar10,MCBM (high g),44,0.32264432311058044,0.3181081763382856,13.835909703456279,5.00548932820816
cifar10-shcbm,cifar10,SCBM,42,0.3112240135669708,0.25834117172643833,15.605783610761199,2.0766048045422902
cifar10-shcbm,cifar10,SCBM,43,0.310672402381897,0.2686670902047309,14.942440314249033,2.8110765934747493
cifar10-shcbm,cifar10,SCBM,44,0.2500348687171936,0.27081791807418776,16.275053748592182,4.0385829913197195
cifar10-vanilla,cifar10,Vanilla,42,0.2601025104522705,0.18633172913139218,nan,nan
cifar10-vanilla,cifar10,Vanilla,43,0.25790780782699585,0.19284382990455845,nan,nan
cifar10-vanilla,cifar10,Vanilla,44,0.1933269202709198,0.19697473533650442,nan,nan
cub12-arhcbm,cub12,ARCBM,42,0.6126007437705994,0.3135866820291604,11.864593185561452,0.006867240244555454
cub12-cbm,cub12,CBM,42,0.6130277514457703,0.33532318240977543,11.430659621090037,0.0
cub12-cbm,cub12,CBM,43,0.6251087784767151,0.3556986788632726,11.68339243708279,0.013173029845299963
cub12-cbm,cub12,CBM,44,0.6580632328987122,0.3382694510927081,11.645935417960573,0.023448790533178568
cub12-cem,cub12,CEM,42,0.5917496085166931,0.4502243225224938,12.265705241942495,6.501696081824933e-05
cub12-cem,cub12,CEM,44,0.6162989139556885,0.4356229531925565,12.98767745736686,0.0066064639474763065
cub12-mcbm-01,cub12,MCBM (medium g),43,0.8661682605743408,0.9504748563546225,5.791748357254059,0.5259444106857467
cub12-shcbm,cub12,SCBM,44,0.6982517838478088,0.33992732008854876,14.436801470131552,0.0008242905743967426
cub12-vanilla,cub12,Vanilla,42,0.2871481478214264,0.30705449175025123,nan,nan
cub12-vanilla,cub12,Vanilla,43,0.30871254205703735,0.30008723393459497,nan,nan
cub12-vanilla,cub12,Vanilla,44,0.33238422870635986,0.31303695180111696,nan,nan
mpi3d-arhcbm,mpi3d,ARCBM,42,0.8325492143630981,0.5317884859549168,16.318570477585105,0.0
mpi3d-arhcbm,mpi3d,ARCBM,43,0.8412625193595886,0.5135197978630939,15.723525386642171,0.0
mpi3d-arhcbm,mpi3d,ARCBM,44,0.8317942023277283,0.49804618267406175,16.585430233486864,7.93016446160826e-16
mpi3d-cbm,mpi3d,CBM,42,0.8016018867492676,0.2514285922606781,11.734437813094353,0.0
mpi3d-cbm,mpi3d,CBM,43,0.7986507415771484,0.31020086674975267,12.746136939334246,7.93016446160826e-16
mpi3d-cbm,mpi3d,CBM,44,0.7962687015533447,0.27906889635068605,12.232498399326294,1.3394003168481255e-06
mpi3d-cem,mpi3d,CEM,42,0.7124155759811401,0.3701501784153478,11.35650140430302,7.93016446160826e-16
mpi3d-cem,mpi3d,CEM,43,0.7114566564559937,0.4300426273988595,10.714563399182033,0.0
mpi3d-cem,mpi3d,CEM,44,0.6549272537231445,0.42068054236134306,11.488762141340821,0.0
mpi3d-mcbm-1,mpi3d,MCBM (low g),42,0.9854265451431274,0.4848135461360364,1.8011364490442276,1.586032892321652e-15
mpi3d-mcbm-1,mpi3d,MCBM (low g),43,0.986807644367218,0.478933408100292,2.1830682293573593,7.93016446160826e-16
mpi3d-mcbm-1,mpi3d,MCBM (low g),44,0.9871095418930054,0.5120025299444023,1.7248265727411303,0.0
mpi3d-mcbm-1-bs4096,mpi3d,MCBM (g=1-bs4096),42,0.9745343327522278,0.8765394023231585,1.796103377206462,1.586032892321652e-15
mpi3d-mcbm-1-bs512,mpi3d,MCBM (g=1-bs512),42,0.9863818287849426,0.5437409539028637,3.0976602170027823,7.93016446160826e-16
mpi3d-mcbm-3,mpi3d,MCBM (medium g),42,0.9998307824134827,0.8754341072392863,2.990175734923684,7.93016446160826e-16
mpi3d-mcbm-3,mpi3d,MCBM (medium g),43,0.9997116327285767,0.87354410807047,4.355023318946301,7.93016446160826e-16
mpi3d-mcbm-3,mpi3d,MCBM (medium g),44,0.99984210729599,0.8753993765288308,3.637448240601674,0.0
mpi3d-mcbm-5,mpi3d,MCBM (high g),42,0.9998733997344971,0.9340330750747198,3.0141430965738545,7.93016446160826e-16
mpi3d-mcbm-5,mpi3d,MCBM (high g),43,0.999825119972229,0.8744964790739568,3.960245348993658,7.93016446160826e-16
mpi3d-mcbm-5,mpi3d,MCBM (high g),44,0.9998598694801331,0.8760136653393323,3.2141012512417237,7.93016446160826e-16
mpi3d-shcbm,mpi3d,SCBM,42,0.8510241508483887,0.45280668006159985,16.01955732379652,0.0
mpi3d-shcbm,mpi3d,SCBM,43,0.8267223834991455,0.4698005320910783,16.602753489564495,0.0
mpi3d-shcbm,mpi3d,SCBM,44,0.8485144376754761,0.4788898877278848,16.612987910407252,0.0
mpi3d-vanilla,mpi3d,Vanilla,42,0.00827441643923521,0.3801138779170975,nan,nan
mpi3d-vanilla,mpi3d,Vanilla,43,0.00863813329488039,0.3205465162763992,nan,nan
mpi3d-vanilla,mpi3d,Vanilla,44,0.011856368742883205,0.36485914268159303,nan,nan
shapes3d-arhcbm,shapes3d,ARCBM,42,0.6246767640113831,0.345729490546927,28.600829807757357,0.0
shapes3d-arhcbm,shapes3d,ARCBM,43,0.5785613656044006,0.3282786425349815,28.034537231761615,0.0
shapes3d-arhcbm,shapes3d,ARCBM,44,0.5677310228347778,0.33540474884157606,28.771005588937808,0.0
shapes3d-cbm,shapes3d,CBM,42,0.6203268766403198,0.2970045609823314,25.899652336800028,0.0
shapes3d-cbm,shapes3d,CBM,43,0.6157306432723999,0.23413429252391643,25.064620961320795,0.0
shapes3d-cbm,shapes3d,CBM,44,0.673828125,0.2330010890309252,25.031280419291548,0.0
shapes3d-cem,shapes3d,CEM,42,0.5617144107818604,0.3213103649340725,25.049700305385937,1.2335811384723961e-15
shapes3d-cem,shapes3d,CEM,43,0.5900996923446655,0.3438015247638377,24.962017029580956,0.0
shapes3d-cem,shapes3d,CEM,44,0.5455825328826904,0.32512217836275775,25.41748225437692,0.0
shapes3d-mcbm-1,shapes3d,MCBM (low g),42,0.980503499507904,0.7299818651579868,5.602318743657383,6.167905692361981e-16
shapes3d-mcbm-1,shapes3d,MCBM (low g),43,0.982495129108429,0.6081031050294388,6.800286017665878,2.777777777777778
shapes3d-mcbm-1,shapes3d,MCBM (low g),44,0.9835827946662903,0.6675875609215498,8.413136279592024,2.777777777777779
shapes3d-mcbm-3,shapes3d,MCBM (medium g),42,0.9998436570167542,0.9971257964327035,8.17004951799834,0.0
shapes3d-mcbm-3,shapes3d,MCBM (medium g),43,0.999800980091095,0.9963464444294632,9.511223685113917,2.777777777777778
shapes3d-mcbm-3,shapes3d,MCBM (medium g),44,0.9998407959938049,0.9955774836847934,11.25990932635071,2.777777777777778
shapes3d-mcbm-5,shapes3d,MCBM (high g),42,0.9999176859855652,0.9992526936295414,7.418695298043078,0.0
shapes3d-mcbm-5,shapes3d,MCBM (high g),43,0.9999086856842041,0.9995559472586458,8.78589863364973,2.777777777777778
shapes3d-mcbm-5,shapes3d,MCBM (high g),44,0.9997839331626892,0.9956306288216255,11.069283903824239,2.7777777777777777
shapes3d-shcbm,shapes3d,SCBM,42,0.6196156740188599,0.34974909819402356,27.66304020253889,0.0
shapes3d-shcbm,shapes3d,SCBM,43,0.60569828748703,0.3329132973150598,27.5528360109564,0.0
shapes3d-shcbm,shapes3d,SCBM,44,0.6352329254150391,0.3391398930850827,27.919509758025118,1.2335811384723961e-15
shapes3d-vanilla,shapes3d,Vanilla,42,0.004039487335830927,0.2685819715583008,nan,nan
shapes3d-vanilla,shapes3d,Vanilla,43,0.004210913088172674,0.258048364753098,nan,nan
shapes3d-vanilla,shapes3d,Vanilla,44,0.0036956886760890484,0.37089174486990995,nan,nan
